tanggal,harga
01-Jul-11,22100
02-Jul-11,23400
03-Jul-11,23400
04-Jul-11,24100
05-Jul-11,23800
06-Jul-11,22200
07-Jul-11,21000
08-Jul-11,18840
09-Jul-11,18840
10-Jul-11,16200
11-Jul-11,16200
12-Jul-11,17400
13-Jul-11,16100
14-Jul-11,16100
15-Jul-11,14600
16-Jul-11,15920
17-Jul-11,15800
18-Jul-11,15100
19-Jul-11,15187
20-Jul-11,15250
21-Jul-11,15642
22-Jul-11,14500
23-Jul-11,14187
24-Jul-11,14812
25-Jul-11,14642
26-Jul-11,14125
27-Jul-11,14125
28-Jul-11,14357
29-Jul-11,14400
30-Jul-11,14700
31-Jul-11,13920
01-Aug-11,14928
02-Aug-11,13725
03-Aug-11,17250
04-Aug-11,16153
05-Aug-11,14437
06-Aug-11,16000
07-Aug-11,16000
08-Aug-11,15038
09-Aug-11,15500
10-Aug-11,15571
11-Aug-11,14846
12-Aug-11,13500
13-Aug-11,15187
14-Aug-11,15312
15-Aug-11,14807
16-Aug-11,15187
17-Aug-11,15375
18-Aug-11,15138
19-Aug-11,14812
20-Aug-11,14125
21-Aug-11,13937
22-Aug-11,14923
23-Aug-11,14250
24-Aug-11,14625
25-Aug-11,14615
26-Aug-11,14062
27-Aug-11,14000
28-Aug-11,14000
29-Aug-11,14000
30-Aug-11,14000
31-Aug-11,14000
01-Sep-11,14000
02-Sep-11,14000
03-Sep-11,14000
04-Sep-11,14000
05-Sep-11,14200
06-Sep-11,12562
07-Sep-11,13038
08-Sep-11,13025
09-Sep-11,12650
10-Sep-11,10000
11-Sep-11,10060
12-Sep-11,11192
13-Sep-11,10000
14-Sep-11,9500
15-Sep-11,11346
16-Sep-11,9500
17-Sep-11,10400
18-Sep-11,9840
19-Sep-11,10621
20-Sep-11,9375
21-Sep-11,9333
22-Sep-11,10850
23-Sep-11,9687
24-Sep-11,10900
25-Sep-11,11000
26-Sep-11,10150
27-Sep-11,10055
28-Sep-11,9950
29-Sep-11,11045
30-Sep-11,10285
01-Oct-11,11900
02-Oct-11,11860
03-Oct-11,10523
04-Oct-11,9818
05-Oct-11,11875
06-Oct-11,11812
07-Oct-11,11350
08-Oct-11,15600
09-Oct-11,14500
10-Oct-11,11738
11-Oct-11,11763
12-Oct-11,12095
13-Oct-11,12652
14-Oct-11,12400
15-Oct-11,12444
16-Oct-11,12250
17-Oct-11,11975
18-Oct-11,12305
19-Oct-11,12835
20-Oct-11,11933
21-Oct-11,12105
22-Oct-11,12000
23-Oct-11,11250
24-Oct-11,12375
25-Oct-11,12148
26-Oct-11,12264
27-Oct-11,11991
28-Oct-11,12291
29-Oct-11,11964
30-Oct-11,11791
31-Oct-11,12388
01-Nov-11,12260
02-Nov-11,12531
03-Nov-11,12637
04-Nov-11,13000
05-Nov-11,14611
06-Nov-11,15038
07-Nov-11,13672
08-Nov-11,13960
09-Nov-11,14318
10-Nov-11,14111
11-Nov-11,15393
12-Nov-11,15319
13-Nov-11,14850
14-Nov-11,14391
15-Nov-11,14914
16-Nov-11,15250
17-Nov-11,14228
18-Nov-11,14775
19-Nov-11,14388
20-Nov-11,14200
21-Nov-11,16279
22-Nov-11,15965
23-Nov-11,16500
24-Nov-11,16150
25-Nov-11,16926
26-Nov-11,17142
27-Nov-11,16588
28-Nov-11,17973
29-Nov-11,18602
30-Nov-11,19225
01-Dec-11,18637
02-Dec-11,20308
03-Dec-11,19944
04-Dec-11,20083
05-Dec-11,21173
06-Dec-11,21888
07-Dec-11,22108
08-Dec-11,21740
09-Dec-11,22111
10-Dec-11,22392
11-Dec-11,22200
12-Dec-11,22569
13-Dec-11,23875
14-Dec-11,23658
15-Dec-11,23095
16-Dec-11,23033
17-Dec-11,22650
18-Dec-11,22343
19-Dec-11,22641
20-Dec-11,23114
21-Dec-11,23044
22-Dec-11,22625
23-Dec-11,23040
24-Dec-11,22900
25-Dec-11,23351
26-Dec-11,23529
27-Dec-11,21841
28-Dec-11,21915
29-Dec-11,22000
30-Dec-11,21307
31-Dec-11,20895
01-Jan-12,20646
02-Jan-12,20320
03-Jan-12,20514
04-Jan-12,19815
05-Jan-12,18173
06-Jan-12,17712
07-Jan-12,17594
08-Jan-12,17133
09-Jan-12,15745
10-Jan-12,15076
11-Jan-12,14483
12-Jan-12,14207
13-Jan-12,13765
14-Jan-12,13511
15-Jan-12,13120
16-Jan-12,12522
17-Jan-12,12366
18-Jan-12,12124
19-Jan-12,11937
20-Jan-12,11699
21-Jan-12,11625
22-Jan-12,11526
23-Jan-12,11335
24-Jan-12,10824
25-Jan-12,10274
26-Jan-12,10121
27-Jan-12,10053
28-Jan-12,10059
29-Jan-12,10102
30-Jan-12,9977
31-Jan-12,10418
01-Feb-12,11043
02-Feb-12,11673
03-Feb-12,11969
04-Feb-12,12992
05-Feb-12,13660
06-Feb-12,15129
07-Feb-12,16076
08-Feb-12,16442
09-Feb-12,16309
10-Feb-12,15819
11-Feb-12,15410
12-Feb-12,15096
13-Feb-12,14075
14-Feb-12,13531
15-Feb-12,13164
16-Feb-12,13031
17-Feb-12,12958
18-Feb-12,12994
19-Feb-12,12922
20-Feb-12,12831
21-Feb-12,12822
22-Feb-12,12879
23-Feb-12,13094
24-Feb-12,13310
25-Feb-12,13942
26-Feb-12,14666
27-Feb-12,15998
28-Feb-12,16706
29-Feb-12,17069
01-Mar-12,17639
02-Mar-12,18426
03-Mar-12,19870
04-Mar-12,20170
05-Mar-12,21907
06-Mar-12,23232
07-Mar-12,23618
08-Mar-12,23265
09-Mar-12,23735
10-Mar-12,24138
11-Mar-12,24131
12-Mar-12,24984
13-Mar-12,25092
14-Mar-12,24634
15-Mar-12,24573
16-Mar-12,24517
17-Mar-12,24315
18-Mar-12,24612
19-Mar-12,25101
20-Mar-12,25841
21-Mar-12,27230
22-Mar-12,28139
23-Mar-12,28529
24-Mar-12,29085
25-Mar-12,29162
26-Mar-12,29922
27-Mar-12,30704
28-Mar-12,32116
29-Mar-12,33322
30-Mar-12,33145
31-Mar-12,33825
01-Apr-12,34291
02-Apr-12,35314
03-Apr-12,37384
04-Apr-12,37566
05-Apr-12,37846
06-Apr-12,37622
07-Apr-12,37502
08-Apr-12,37710
09-Apr-12,37219
10-Apr-12,37422
11-Apr-12,37187
12-Apr-12,36044
13-Apr-12,36149
14-Apr-12,35469
15-Apr-12,34907
16-Apr-12,32202
17-Apr-12,30403
18-Apr-12,28681
19-Apr-12,27519
20-Apr-12,26440
21-Apr-12,25804
22-Apr-12,25408
23-Apr-12,23246
24-Apr-12,22427
25-Apr-12,21612
26-Apr-12,20872
27-Apr-12,19506
28-Apr-12,18761
29-Apr-12,17939
30-Apr-12,15745
01-May-12,16738
02-May-12,14281
03-May-12,13746
04-May-12,13304
05-May-12,13123
06-May-12,12215
07-May-12,11446
08-May-12,11036
09-May-12,10585
10-May-12,10408
11-May-12,10322
12-May-12,10209
13-May-12,10194
14-May-12,9892
15-May-12,9526
16-May-12,9171
17-May-12,9219
18-May-12,9294
19-May-12,9316
20-May-12,9314
21-May-12,9174
22-May-12,9232
23-May-12,10438
24-May-12,10039
25-May-12,10132
26-May-12,10094
27-May-12,10118
28-May-12,10371
29-May-12,10559
30-May-12,10884
31-May-12,11089
01-Jun-12,11224
02-Jun-12,11483
03-Jun-12,11698
04-Jun-12,12395
05-Jun-12,12654
06-Jun-12,13232
07-Jun-12,13802
08-Jun-12,14027
09-Jun-12,14193
10-Jun-12,14175
11-Jun-12,14221
12-Jun-12,14045
13-Jun-12,13723
14-Jun-12,13159
15-Jun-12,12931
16-Jun-12,12976
17-Jun-12,12803
18-Jun-12,12838
19-Jun-12,12806
20-Jun-12,12805
21-Jun-12,12976
22-Jun-12,13697
23-Jun-12,13615
24-Jun-12,13642
25-Jun-12,13379
26-Jun-12,13398
27-Jun-12,13206
28-Jun-12,13490
29-Jun-12,13703
30-Jun-12,14087
01-Jul-12,14548
02-Jul-12,15290
03-Jul-12,15761
04-Jul-12,16006
05-Jul-12,16459
06-Jul-12,16660
07-Jul-12,16814
08-Jul-12,16759
09-Jul-12,15805
10-Jul-12,15791
11-Jul-12,15098
12-Jul-12,14533
13-Jul-12,14653
14-Jul-12,14642
15-Jul-12,14509
16-Jul-12,14110
17-Jul-12,13997
18-Jul-12,13832
19-Jul-12,13682
20-Jul-12,13586
21-Jul-12,13618
22-Jul-12,13790
23-Jul-12,14059
24-Jul-12,13568
25-Jul-12,13064
26-Jul-12,12782
27-Jul-12,12824
28-Jul-12,12963
29-Jul-12,13105
30-Jul-12,12834
31-Jul-12,12834
01-Aug-12,12775
02-Aug-12,12954
03-Aug-12,13041
04-Aug-12,13111
05-Aug-12,13188
06-Aug-12,13935
07-Aug-12,14036
08-Aug-12,14140
09-Aug-12,14423
10-Aug-12,14455
11-Aug-12,15056
12-Aug-12,15533
13-Aug-12,16360
14-Aug-12,16699
15-Aug-12,17042
16-Aug-12,17129
17-Aug-12,17028
18-Aug-12,17867
19-Aug-12,18418
20-Aug-12,18033
21-Aug-12,18404
22-Aug-12,18166
23-Aug-12,17774
24-Aug-12,17152
25-Aug-12,17010
26-Aug-12,16643
27-Aug-12,15560
28-Aug-12,15211
29-Aug-12,15320
30-Aug-12,14835
31-Aug-12,14548
01-Sep-12,14496
02-Sep-12,14400
03-Sep-12,13946
04-Sep-12,14010
05-Sep-12,13883
06-Sep-12,14002
07-Sep-12,14072
08-Sep-12,14007
09-Sep-12,13969
10-Sep-12,13521
11-Sep-12,13663
12-Sep-12,13680
13-Sep-12,13327
14-Sep-12,13226
15-Sep-12,13269
16-Sep-12,13265
17-Sep-12,12892
18-Sep-12,12799
19-Sep-12,12713
20-Sep-12,12437
21-Sep-12,12483
22-Sep-12,12441
23-Sep-12,12478
24-Sep-12,12465
25-Sep-12,12360
26-Sep-12,12313
27-Sep-12,12293
28-Sep-12,12228
29-Sep-12,12327
30-Sep-12,12320
01-Oct-12,12559
02-Oct-12,12620
03-Oct-12,12856
04-Oct-12,12929
05-Oct-12,13051
06-Oct-12,13017
07-Oct-12,13037
08-Oct-12,13505
09-Oct-12,13433
10-Oct-12,13427
11-Oct-12,13524
12-Oct-12,13501
13-Oct-12,13486
14-Oct-12,13495
15-Oct-12,13377
16-Oct-12,13340
17-Oct-12,13239
18-Oct-12,13225
19-Oct-12,13202
20-Oct-12,13257
21-Oct-12,13282
22-Oct-12,12962
23-Oct-12,12940
24-Oct-12,13035
25-Oct-12,13171
26-Oct-12,13146
27-Oct-12,13119
28-Oct-12,13013
29-Oct-12,13047
30-Oct-12,12964
31-Oct-12,12903
01-Nov-12,12673
02-Nov-12,12490
03-Nov-12,12297
04-Nov-12,12256
05-Nov-12,11352
06-Nov-12,11155
07-Nov-12,11099
08-Nov-12,10925
09-Nov-12,10792
10-Nov-12,10847
11-Nov-12,10709
12-Nov-12,10205
13-Nov-12,10256
14-Nov-12,10306
15-Nov-12,10167
16-Nov-12,10204
17-Nov-12,10135
18-Nov-12,10076
19-Nov-12,9965
20-Nov-12,9792
21-Nov-12,9596
22-Nov-12,9620
23-Nov-12,9603
24-Nov-12,9621
25-Nov-12,9568
26-Nov-12,9336
27-Nov-12,9448
28-Nov-12,9604
29-Nov-12,9517
30-Nov-12,9475
01-Dec-12,9480
02-Dec-12,9429
03-Dec-12,9327
04-Dec-12,9214
05-Dec-12,9048
06-Dec-12,9076
07-Dec-12,8993
08-Dec-12,8993
09-Dec-12,9009
10-Dec-12,8892
11-Dec-12,8854
12-Dec-12,8721
13-Dec-12,8675
14-Dec-12,8641
15-Dec-12,8566
16-Dec-12,8755
17-Dec-12,8964
18-Dec-12,9855
19-Dec-12,10478
20-Dec-12,11191
21-Dec-12,11129
22-Dec-12,11235
23-Dec-12,11483
24-Dec-12,11384
25-Dec-12,11670
26-Dec-12,11775
27-Dec-12,11721
28-Dec-12,11821
29-Dec-12,11961
30-Dec-12,12067
31-Dec-12,12150
01-Jan-13,12469
02-Jan-13,13384
03-Jan-13,14109
04-Jan-13,15161
05-Jan-13,15715
06-Jan-13,16069
07-Jan-13,18175
08-Jan-13,19241
09-Jan-13,20406
10-Jan-13,21554
11-Jan-13,21709
12-Jan-13,21887
13-Jan-13,21991
14-Jan-13,23010
15-Jan-13,24274
16-Jan-13,24383
17-Jan-13,24566
18-Jan-13,24496
19-Jan-13,24269
20-Jan-13,23854
21-Jan-13,22878
22-Jan-13,23386
23-Jan-13,23642
24-Jan-13,23585
25-Jan-13,23425
26-Jan-13,23505
27-Jan-13,23533
28-Jan-13,23430
29-Jan-13,23267
30-Jan-13,22898
31-Jan-13,22241
01-Feb-13,21722
02-Feb-13,21453
03-Feb-13,21448
04-Feb-13,21200
05-Feb-13,20953
06-Feb-13,20820
07-Feb-13,20236
08-Feb-13,19962
09-Feb-13,19803
10-Feb-13,19817
11-Feb-13,19075
12-Feb-13,18698
13-Feb-13,18548
14-Feb-13,18644
15-Feb-13,18495
16-Feb-13,18855
17-Feb-13,18993
18-Feb-13,20324
19-Feb-13,20505
20-Feb-13,20414
21-Feb-13,21210
22-Feb-13,21400
23-Feb-13,21606
24-Feb-13,21690
25-Feb-13,22305
26-Feb-13,22952
27-Feb-13,23062
28-Feb-13,23781
01-Mar-13,24168
02-Mar-13,25029
03-Mar-13,25173
04-Mar-13,27000
05-Mar-13,27802
06-Mar-13,28788
07-Mar-13,29937
08-Mar-13,30703
09-Mar-13,31857
10-Mar-13,32703
11-Mar-13,34160
12-Mar-13,34219
13-Mar-13,34193
14-Mar-13,35291
15-Mar-13,36442
16-Mar-13,36046
17-Mar-13,36098
18-Mar-13,35777
19-Mar-13,36143
20-Mar-13,37073
21-Mar-13,38839
22-Mar-13,39164
23-Mar-13,39913
24-Mar-13,39794
25-Mar-13,41036
26-Mar-13,43827
27-Mar-13,42825
28-Mar-13,41377
29-Mar-13,40914
30-Mar-13,40824
31-Mar-13,40744
01-Apr-13,41459
02-Apr-13,41594
03-Apr-13,42140
04-Apr-13,41509
05-Apr-13,41551
06-Apr-13,41319
07-Apr-13,41305
08-Apr-13,40396
09-Apr-13,40023
10-Apr-13,40303
11-Apr-13,38877
12-Apr-13,37289
13-Apr-13,36161
14-Apr-13,35420
15-Apr-13,33551
16-Apr-13,33009
17-Apr-13,30985
18-Apr-13,30504
19-Apr-13,27570
20-Apr-13,25679
21-Apr-13,25433
22-Apr-13,22799
23-Apr-13,21686
24-Apr-13,22387
25-Apr-13,20369
26-Apr-13,20042
27-Apr-13,19420
28-Apr-13,20072
29-Apr-13,16976
30-Apr-13,16775
01-May-13,16845
02-May-13,16092
03-May-13,15800
04-May-13,15151
05-May-13,14860
06-May-13,14402
07-May-13,14156
08-May-13,13991
09-May-13,13888
10-May-13,13616
11-May-13,13471
12-May-13,13317
13-May-13,13064
14-May-13,13088
15-May-13,12967
16-May-13,12361
17-May-13,12922
18-May-13,13629
19-May-13,15347
20-May-13,16156
21-May-13,17642
22-May-13,18841
23-May-13,18589
24-May-13,18907
25-May-13,18655
26-May-13,19239
27-May-13,19366
28-May-13,19200
29-May-13,19169
30-May-13,18720
31-May-13,18375
01-Jun-13,17588
02-Jun-13,17348
03-Jun-13,16505
04-Jun-13,16223
05-Jun-13,16173
06-Jun-13,16257
07-Jun-13,16196
08-Jun-13,16289
09-Jun-13,16210
10-Jun-13,16415
11-Jun-13,16462
12-Jun-13,16476
13-Jun-13,16853
14-Jun-13,16957
15-Jun-13,17327
16-Jun-13,18166
17-Jun-13,20199
18-Jun-13,21677
19-Jun-13,23266
20-Jun-13,24457
21-Jun-13,26117
22-Jun-13,28990
23-Jun-13,30985
24-Jun-13,32839
25-Jun-13,34336
26-Jun-13,34263
27-Jun-13,36415
28-Jun-13,39948
29-Jun-13,42107
30-Jun-13,41804
01-Jul-13,42990
02-Jul-13,46102
03-Jul-13,49294
04-Jul-13,51766
05-Jul-13,52254
06-Jul-13,53560
07-Jul-13,54386
08-Jul-13,55183
09-Jul-13,55924
10-Jul-13,59035
11-Jul-13,63652
12-Jul-13,66338
13-Jul-13,67504
14-Jul-13,67528
15-Jul-13,59339
16-Jul-13,60254
17-Jul-13,62353
18-Jul-13,63047
19-Jul-13,61471
20-Jul-13,61283
21-Jul-13,61504
22-Jul-13,61283
23-Jul-13,61693
24-Jul-13,61745
25-Jul-13,60198
26-Jul-13,59622
27-Jul-13,59202
28-Jul-13,59000
29-Jul-13,58171
30-Jul-13,57252
31-Jul-13,54650
01-Aug-13,52061
02-Aug-13,50797
03-Aug-13,50698
04-Aug-13,52142
05-Aug-13,53533
06-Aug-13,54349
07-Aug-13,53800
08-Aug-13,54692
09-Aug-13,53574
10-Aug-13,53953
11-Aug-13,53539
12-Aug-13,49096
13-Aug-13,46457
14-Aug-13,44271
15-Aug-13,42514
16-Aug-13,43141
17-Aug-13,43009
18-Aug-13,42429
19-Aug-13,41169
20-Aug-13,39537
21-Aug-13,39146
22-Aug-13,39240
23-Aug-13,38476
24-Aug-13,38183
25-Aug-13,37636
26-Aug-13,37523
27-Aug-13,37169
28-Aug-13,35948
29-Aug-13,35514
30-Aug-13,35962
31-Aug-13,34284
01-Sep-13,32838
02-Sep-13,32311
03-Sep-13,31349
04-Sep-13,30731
05-Sep-13,29047
06-Sep-13,28390
07-Sep-13,28135
08-Sep-13,27789
09-Sep-13,25804
10-Sep-13,25075
11-Sep-13,24816
12-Sep-13,24726
13-Sep-13,24985
14-Sep-13,25053
15-Sep-13,24688
16-Sep-13,24419
17-Sep-13,24325
18-Sep-13,24419
19-Sep-13,24556
20-Sep-13,24566
21-Sep-13,23895
22-Sep-13,24067
23-Sep-13,24980
24-Sep-13,25336
25-Sep-13,25462
26-Sep-13,26138
27-Sep-13,27294
28-Sep-13,27971
29-Sep-13,27986
30-Sep-13,28758
01-Oct-13,28965
02-Oct-13,29081
03-Oct-13,29223
04-Oct-13,29725
05-Oct-13,30500
06-Oct-13,30626
07-Oct-13,31850
08-Oct-13,32495
09-Oct-13,34186
10-Oct-13,35202
11-Oct-13,35782
12-Oct-13,35978
13-Oct-13,36003
14-Oct-13,35932
15-Oct-13,36055
16-Oct-13,35918
17-Oct-13,34965
18-Oct-13,34352
19-Oct-13,33712
20-Oct-13,33244
21-Oct-13,31323
22-Oct-13,30769
23-Oct-13,29612
24-Oct-13,28596
25-Oct-13,27939
26-Oct-13,27124
27-Oct-13,26429
28-Oct-13,23608
29-Oct-13,23070
30-Oct-13,22199
31-Oct-13,21471
01-Nov-13,21285
02-Nov-13,21703
03-Nov-13,21658
04-Nov-13,21192
05-Nov-13,21182
06-Nov-13,20240
07-Nov-13,19845
08-Nov-13,19803
09-Nov-13,19414
10-Nov-13,18995
11-Nov-13,17384
12-Nov-13,17001
13-Nov-13,16511
14-Nov-13,15728
15-Nov-13,15945
16-Nov-13,15814
17-Nov-13,15777
18-Nov-13,15702
19-Nov-13,15635
20-Nov-13,15682
21-Nov-13,15757
22-Nov-13,15988
23-Nov-13,15970
24-Nov-13,15998
25-Nov-13,16315
26-Nov-13,16443
27-Nov-13,16397
28-Nov-13,16097
29-Nov-13,16194
30-Nov-13,16180
01-Dec-13,16203
02-Dec-13,16044
03-Dec-13,16340
04-Dec-13,16661
05-Dec-13,17418
06-Dec-13,17353
07-Dec-13,17811
08-Dec-13,18381
09-Dec-13,19287
10-Dec-13,19954
11-Dec-13,21058
12-Dec-13,22060
13-Dec-13,22237
14-Dec-13,22583
15-Dec-13,22709
16-Dec-13,23606
17-Dec-13,23882
18-Dec-13,23896
19-Dec-13,24419
20-Dec-13,24897
21-Dec-13,25209
22-Dec-13,25134
23-Dec-13,25382
24-Dec-13,25343
25-Dec-13,25389
26-Dec-13,25545
27-Dec-13,25798
28-Dec-13,25933
29-Dec-13,26103
30-Dec-13,26412
31-Dec-13,26330
01-Jan-14,26072
02-Jan-14,26796
03-Jan-14,26686
04-Jan-14,26889
05-Jan-14,26971
06-Jan-14,27411
07-Jan-14,27313
08-Jan-14,27200
09-Jan-14,27616
10-Jan-14,27163
11-Jan-14,27141
12-Jan-14,26935
13-Jan-14,25246
14-Jan-14,25294
15-Jan-14,25571
16-Jan-14,25533
17-Jan-14,25458
18-Jan-14,24650
19-Jan-14,24342
20-Jan-14,22122
21-Jan-14,21982
22-Jan-14,22275
23-Jan-14,23641
24-Jan-14,24150
25-Jan-14,24711
26-Jan-14,25678
27-Jan-14,30095
28-Jan-14,32445
29-Jan-14,33839
30-Jan-14,34289
31-Jan-14,34625
01-Feb-14,34392
02-Feb-14,34607
03-Feb-14,35661
04-Feb-14,39442
05-Feb-14,36331
06-Feb-14,36200
07-Feb-14,36066
08-Feb-14,35940
09-Feb-14,35702
10-Feb-14,34731
11-Feb-14,34620
12-Feb-14,34094
13-Feb-14,36075
14-Feb-14,35927
15-Feb-14,35191
16-Feb-14,35569
17-Feb-14,36731
18-Feb-14,36540
19-Feb-14,38403
20-Feb-14,40618
21-Feb-14,47167
22-Feb-14,49567
23-Feb-14,50500
24-Feb-14,52741
25-Feb-14,56075
26-Feb-14,56467
27-Feb-14,56349
28-Feb-14,54136
01-Mar-14,53259
02-Mar-14,52891
03-Mar-14,51014
04-Mar-14,50817
05-Mar-14,50783
06-Mar-14,50009
07-Mar-14,49061
08-Mar-14,48466
09-Mar-14,48047
10-Mar-14,47518
11-Mar-14,47561
12-Mar-14,47688
13-Mar-14,47066
14-Mar-14,47481
15-Mar-14,49695
16-Mar-14,51671
17-Mar-14,58693
18-Mar-14,60655
19-Mar-14,60551
20-Mar-14,62452
21-Mar-14,65023
22-Mar-14,66278
23-Mar-14,66932
24-Mar-14,68723
25-Mar-14,68679
26-Mar-14,68538
27-Mar-14,68979
28-Mar-14,69968
29-Mar-14,69447
30-Mar-14,68817
31-Mar-14,68392
01-Apr-14,65804
02-Apr-14,65960
03-Apr-14,65866
04-Apr-14,65603
05-Apr-14,65207
06-Apr-14,65104
07-Apr-14,63085
08-Apr-14,60693
09-Apr-14,59818
10-Apr-14,58278
11-Apr-14,56533
12-Apr-14,54235
13-Apr-14,50933
14-Apr-14,45004
15-Apr-14,43311
16-Apr-14,42716
17-Apr-14,41169
18-Apr-14,39590
19-Apr-14,38943
20-Apr-14,37326
21-Apr-14,34707
22-Apr-14,33254
23-Apr-14,32504
24-Apr-14,29889
25-Apr-14,28245
26-Apr-14,27446
27-Apr-14,26791
28-Apr-14,22971
29-Apr-14,21148
30-Apr-14,19830
01-May-14,19157
02-May-14,18587
03-May-14,19118
04-May-14,17942
05-May-14,16781
06-May-14,16047
07-May-14,15927
08-May-14,15298
09-May-14,15998
10-May-14,15792
11-May-14,14976
12-May-14,13032
13-May-14,12879
14-May-14,12584
15-May-14,13524
16-May-14,12278
17-May-14,13442
18-May-14,11941
19-May-14,11540
20-May-14,11550
21-May-14,11002
22-May-14,11059
23-May-14,11107
24-May-14,12322
25-May-14,12271
26-May-14,10778
27-May-14,10845
28-May-14,10720
29-May-14,10732
30-May-14,10559
31-May-14,12180
01-Jun-14,11718
02-Jun-14,10058
03-Jun-14,10142
04-Jun-14,10254
05-Jun-14,10805
06-Jun-14,10568
07-Jun-14,11796
08-Jun-14,11822
09-Jun-14,10471
10-Jun-14,10386
11-Jun-14,10485
12-Jun-14,10593
13-Jun-14,10551
14-Jun-14,11855
15-Jun-14,11859
16-Jun-14,10514
17-Jun-14,10360
18-Jun-14,10257
19-Jun-14,10107
20-Jun-14,10033
21-Jun-14,11337
22-Jun-14,11215
23-Jun-14,9977
24-Jun-14,10003
25-Jun-14,9993
26-Jun-14,9781
27-Jun-14,9661
28-Jun-14,11021
29-Jun-14,11039
30-Jun-14,9900
01-Jul-14,10717
02-Jul-14,10577
03-Jul-14,10624
04-Jul-14,10295
05-Jul-14,11596
06-Jul-14,10658
07-Jul-14,9139
08-Jul-14,9210
09-Jul-14,10589
10-Jul-14,10023
11-Jul-14,9359
12-Jul-14,10714
13-Jul-14,10747
14-Jul-14,9382
15-Jul-14,9315
16-Jul-14,9216
17-Jul-14,9417
18-Jul-14,9485
19-Jul-14,11106
20-Jul-14,11457
21-Jul-14,11489
22-Jul-14,11784
23-Jul-14,11863
24-Jul-14,11971
25-Jul-14,12199
26-Jul-14,14096
27-Jul-14,13524
28-Jul-14,14900
29-Jul-14,14867
30-Jul-14,14554
31-Jul-14,15605
01-Aug-14,15302
02-Aug-14,15433
03-Aug-14,15099
04-Aug-14,12240
05-Aug-14,12034
06-Aug-14,12442
07-Aug-14,13271
08-Aug-14,13602
09-Aug-14,14757
10-Aug-14,14878
11-Aug-14,13383
12-Aug-14,13546
13-Aug-14,13866
14-Aug-14,14226
15-Aug-14,15507
16-Aug-14,15561
17-Aug-14,15593
18-Aug-14,16434
19-Aug-14,15560
20-Aug-14,15766
21-Aug-14,15514
22-Aug-14,15845
23-Aug-14,16621
24-Aug-14,16519
25-Aug-14,15140
26-Aug-14,15112
27-Aug-14,15164
28-Aug-14,15051
29-Aug-14,15692
30-Aug-14,15338
31-Aug-14,15350
01-Sep-14,13524
02-Sep-14,13201
03-Sep-14,13112
04-Sep-14,12912
05-Sep-14,12689
06-Sep-14,13876
07-Sep-14,13771
08-Sep-14,13389
09-Sep-14,12181
10-Sep-14,12248
11-Sep-14,12079
12-Sep-14,11944
13-Sep-14,12822
14-Sep-14,12453
15-Sep-14,11203
16-Sep-14,11124
17-Sep-14,11119
18-Sep-14,10694
19-Sep-14,11750
20-Sep-14,11895
21-Sep-14,11828
22-Sep-14,10485
23-Sep-14,10485
24-Sep-14,11677
25-Sep-14,11831
26-Sep-14,10370
27-Sep-14,11712
28-Sep-14,11787
29-Sep-14,10563
30-Sep-14,10568
01-Oct-14,10479
02-Oct-14,10493
03-Oct-14,10555
04-Oct-14,11152
05-Oct-14,10825
06-Oct-14,11631
07-Oct-14,10718
08-Oct-14,10812
09-Oct-14,10851
10-Oct-14,10728
11-Oct-14,10681
12-Oct-14,10503
13-Oct-14,10287
14-Oct-14,10262
15-Oct-14,10358
16-Oct-14,10414
17-Oct-14,10304
18-Oct-14,10308
19-Oct-14,10794
20-Oct-14,11320
21-Oct-14,11467
22-Oct-14,13476
23-Oct-14,13158
24-Oct-14,13380
25-Oct-14,13834
26-Oct-14,14024
27-Oct-14,15985
28-Oct-14,17390
29-Oct-14,18173
30-Oct-14,19547
31-Oct-14,19792
01-Nov-14,20805
02-Nov-14,21471
03-Nov-14,24990
04-Nov-14,26424
05-Nov-14,30062
06-Nov-14,32429
07-Nov-14,33429
08-Nov-14,34429
09-Nov-14,35044
10-Nov-14,37630
11-Nov-14,38849
12-Nov-14,39424
13-Nov-14,39929
14-Nov-14,40531
15-Nov-14,41690
16-Nov-14,41962
17-Nov-14,44504
18-Nov-14,45057
19-Nov-14,54566
20-Nov-14,50430
21-Nov-14,50747
22-Nov-14,51119
23-Nov-14,51442
24-Nov-14,52242
25-Nov-14,52395
26-Nov-14,52104
27-Nov-14,53355
28-Nov-14,54523
29-Nov-14,55642
30-Nov-14,57100
01-Dec-14,62076
02-Dec-14,64380
03-Dec-14,67304
04-Dec-14,71123
05-Dec-14,73870
06-Dec-14,74609
07-Dec-14,75090
08-Dec-14,75335
09-Dec-14,74453
10-Dec-14,74316
11-Dec-14,72830
12-Dec-14,71321
13-Dec-14,71165
14-Dec-14,71288
15-Dec-14,70939
16-Dec-14,72186
17-Dec-14,71755
18-Dec-14,72646
19-Dec-14,73108
20-Dec-14,73778
21-Dec-14,74184
22-Dec-14,79481
23-Dec-14,80736
24-Dec-14,80208
25-Dec-14,81652
26-Dec-14,83708
27-Dec-14,82953
28-Dec-14,83189
29-Dec-14,83233
30-Dec-14,82130
31-Dec-14,79451
01-Jan-15,79827
02-Jan-15,79742
03-Jan-15,80088
04-Jan-15,79654
05-Jan-15,77420
06-Jan-15,75200
07-Jan-15,74911
08-Jan-15,73831
09-Jan-15,73607
10-Jan-15,72242
11-Jan-15,69317
12-Jan-15,63216
13-Jan-15,58566
14-Jan-15,56757
15-Jan-15,53075
16-Jan-15,52869
17-Jan-15,51130
18-Jan-15,49518
19-Jan-15,45504
20-Jan-15,42384
21-Jan-15,41981
22-Jan-15,40528
23-Jan-15,39482
24-Jan-15,38747
25-Jan-15,37514
26-Jan-15,32707
27-Jan-15,31980
28-Jan-15,31685
29-Jan-15,30895
30-Jan-15,29950
31-Jan-15,29607
01-Feb-15,28470
02-Feb-15,27327
03-Feb-15,27305
04-Feb-15,27231
05-Feb-15,26350
06-Feb-15,26135
07-Feb-15,25763
08-Feb-15,25347
09-Feb-15,23656
10-Feb-15,22750
11-Feb-15,21068
12-Feb-15,20561
13-Feb-15,19866
14-Feb-15,19800
15-Feb-15,19436
16-Feb-15,17591
17-Feb-15,17525
18-Feb-15,17211
19-Feb-15,17060
20-Feb-15,16944
21-Feb-15,16858
22-Feb-15,17130
23-Feb-15,18818
24-Feb-15,19144
25-Feb-15,18910
26-Feb-15,19133
27-Feb-15,19820
28-Feb-15,21477
01-Mar-15,23014
02-Mar-15,25040
03-Mar-15,25847
04-Mar-15,26831
05-Mar-15,27123
06-Mar-15,27317
07-Mar-15,27461
08-Mar-15,27637
09-Mar-15,28731
10-Mar-15,28819
11-Mar-15,28981
12-Mar-15,28995
13-Mar-15,28986
14-Mar-15,29319
15-Mar-15,29509
16-Mar-15,30040
17-Mar-15,29900
18-Mar-15,29932
19-Mar-15,29731
20-Mar-15,29284
21-Mar-15,29425
22-Mar-15,28815
23-Mar-15,26800
24-Mar-15,26181
25-Mar-15,25450
26-Mar-15,25019
27-Mar-15,24644
28-Mar-15,24426
29-Mar-15,24504
30-Mar-15,23505
31-Mar-15,23093
01-Apr-15,22889
02-Apr-15,22614
03-Apr-15,22419
04-Apr-15,22209
05-Apr-15,21999
06-Apr-15,21273
07-Apr-15,20921
08-Apr-15,20810
09-Apr-15,19594
10-Apr-15,18778
11-Apr-15,18403
12-Apr-15,18348
13-Apr-15,17875
14-Apr-15,17583
15-Apr-15,17472
16-Apr-15,16906
17-Apr-15,16898
18-Apr-15,16851
19-Apr-15,16921
20-Apr-15,16787
21-Apr-15,16709
22-Apr-15,16690
23-Apr-15,16666
24-Apr-15,16757
25-Apr-15,17050
26-Apr-15,17402
27-Apr-15,18412
28-Apr-15,18166
29-Apr-15,18375
30-Apr-15,17977
01-May-15,18458
02-May-15,18537
03-May-15,18597
04-May-15,18865
05-May-15,19411
06-May-15,19541
07-May-15,19773
08-May-15,19731
09-May-15,19898
10-May-15,20064
11-May-15,20094
12-May-15,19955
13-May-15,19386
14-May-15,19390
15-May-15,18802
16-May-15,18617
17-May-15,18272
18-May-15,16833
19-May-15,16962
20-May-15,17028
21-May-15,16750
22-May-15,16768
23-May-15,16800
24-May-15,16976
25-May-15,16979
26-May-15,16863
27-May-15,16660
28-May-15,16700
29-May-15,16889
30-May-15,17000
31-May-15,16900
01-Jun-15,17097
02-Jun-15,17171
03-Jun-15,16962
04-Jun-15,16930
05-Jun-15,16810
06-Jun-15,17116
07-Jun-15,17079
08-Jun-15,17129
09-Jun-15,17249
10-Jun-15,17174
11-Jun-15,17261
12-Jun-15,16934
13-Jun-15,16884
14-Jun-15,16980
15-Jun-15,17088
16-Jun-15,17084
17-Jun-15,16682
18-Jun-15,16691
19-Jun-15,16869
20-Jun-15,16785
21-Jun-15,16686
22-Jun-15,16761
23-Jun-15,16602
24-Jun-15,16112
25-Jun-15,15842
26-Jun-15,15689
27-Jun-15,15745
28-Jun-15,15861
29-Jun-15,15597
30-Jun-15,15717
01-Jul-15,16151
02-Jul-15,18407
03-Jul-15,19222
04-Jul-15,19689
05-Jul-15,20240
06-Jul-15,21180
07-Jul-15,22754
08-Jul-15,24194
09-Jul-15,25606
10-Jul-15,26958
11-Jul-15,27689
12-Jul-15,28912
13-Jul-15,33691
14-Jul-15,35226
15-Jul-15,36813
16-Jul-15,37661
17-Jul-15,40628
18-Jul-15,41647
19-Jul-15,43290
20-Jul-15,45558
21-Jul-15,40250
22-Jul-15,37822
23-Jul-15,36009
24-Jul-15,35721
25-Jul-15,37957
26-Jul-15,40119
27-Jul-15,42089
28-Jul-15,42850
29-Jul-15,45778
30-Jul-15,46730
31-Jul-15,46654
01-Aug-15,47565
02-Aug-15,47971
03-Aug-15,49787
04-Aug-15,50421
05-Aug-15,52583
06-Aug-15,54638
07-Aug-15,56740
08-Aug-15,58050
09-Aug-15,58263
10-Aug-15,59729
11-Aug-15,59972
12-Aug-15,59699
13-Aug-15,59523
14-Aug-15,58911
15-Aug-15,58032
16-Aug-15,58042
17-Aug-15,57615
18-Aug-15,57373
19-Aug-15,58333
20-Aug-15,58537
21-Aug-15,58351
22-Aug-15,58439
23-Aug-15,58327
24-Aug-15,58916
25-Aug-15,58851
26-Aug-15,59266
27-Aug-15,59803
28-Aug-15,60228
29-Aug-15,60448
30-Aug-15,60827
31-Aug-15,60738
01-Sep-15,60590
02-Sep-15,61025
03-Sep-15,60904
04-Sep-15,60521
05-Sep-15,60184
06-Sep-15,59572
07-Sep-15,57907
08-Sep-15,56408
09-Sep-15,54472
10-Sep-15,51785
11-Sep-15,51051
12-Sep-15,49331
13-Sep-15,48125
14-Sep-15,43263
15-Sep-15,40976
16-Sep-15,39481
17-Sep-15,38087
18-Sep-15,37467
19-Sep-15,36275
20-Sep-15,35696
21-Sep-15,31981
22-Sep-15,30537
23-Sep-15,30731
24-Sep-15,30461
25-Sep-15,29981
26-Sep-15,29341
27-Sep-15,28345
28-Sep-15,25699
29-Sep-15,23433
30-Sep-15,22827
01-Oct-15,22000
02-Oct-15,19775
03-Oct-15,19420
04-Oct-15,19093
05-Oct-15,17887
06-Oct-15,17336
07-Oct-15,17004
08-Oct-15,16679
09-Oct-15,16264
10-Oct-15,16028
11-Oct-15,15943
12-Oct-15,14963
13-Oct-15,14816
14-Oct-15,14581
15-Oct-15,14194
16-Oct-15,14139
17-Oct-15,13823
18-Oct-15,13785
19-Oct-15,12974
20-Oct-15,12871
21-Oct-15,12874
22-Oct-15,12767
23-Oct-15,12746
24-Oct-15,12642
25-Oct-15,12618
26-Oct-15,12199
27-Oct-15,12200
28-Oct-15,12071
29-Oct-15,12042
30-Oct-15,12182
31-Oct-15,12245
01-Nov-15,12100
02-Nov-15,12090
03-Nov-15,11991
04-Nov-15,12015
05-Nov-15,12282
06-Nov-15,12389
07-Nov-15,12412
08-Nov-15,12433
09-Nov-15,12556
10-Nov-15,12728
11-Nov-15,12661
12-Nov-15,12806
13-Nov-15,12878
14-Nov-15,12871
15-Nov-15,12839
16-Nov-15,12587
17-Nov-15,12748
18-Nov-15,12906
19-Nov-15,12896
20-Nov-15,13082
21-Nov-15,13311
22-Nov-15,13419
23-Nov-15,14406
24-Nov-15,15080
25-Nov-15,15721
26-Nov-15,15919
27-Nov-15,15995
28-Nov-15,16273
29-Nov-15,16552
30-Nov-15,17720
01-Dec-15,18470
02-Dec-15,18849
03-Dec-15,18812
04-Dec-15,18609
05-Dec-15,19108
06-Dec-15,19229
07-Dec-15,19498
08-Dec-15,19436
09-Dec-15,19336
10-Dec-15,19353
11-Dec-15,19771
12-Dec-15,20228
13-Dec-15,20690
14-Dec-15,22576
15-Dec-15,23909
16-Dec-15,25334
17-Dec-15,25976
18-Dec-15,26952
19-Dec-15,27849
20-Dec-15,28976
21-Dec-15,31170
22-Dec-15,31246
23-Dec-15,31628
24-Dec-15,32217
25-Dec-15,32750
26-Dec-15,33085
27-Dec-15,32990
28-Dec-15,32108
29-Dec-15,32179
30-Dec-15,31141
31-Dec-15,30891
01-Jan-16,30877
02-Jan-16,30690
03-Jan-16,30387
04-Jan-16,28504
05-Jan-16,27939
06-Jan-16,27740
07-Jan-16,27414
08-Jan-16,27617
09-Jan-16,27764
10-Jan-16,28349
11-Jan-16,29252
12-Jan-16,30320
13-Jan-16,32235
14-Jan-16,33614
15-Jan-16,34074
16-Jan-16,33724
17-Jan-16,32949
18-Jan-16,32981
19-Jan-16,32794
20-Jan-16,32056
21-Jan-16,30509
22-Jan-16,29411
23-Jan-16,29235
24-Jan-16,28316
25-Jan-16,25405
26-Jan-16,24087
27-Jan-16,22720
28-Jan-16,20652
29-Jan-16,20277
30-Jan-16,20490
31-Jan-16,20296
01-Feb-16,18436
02-Feb-16,17407
03-Feb-16,16650
04-Feb-16,16065
05-Feb-16,16287
06-Feb-16,16407
07-Feb-16,16460
08-Feb-16,15904
09-Feb-16,15183
10-Feb-16,15241
11-Feb-16,14115
12-Feb-16,13875
13-Feb-16,14105
14-Feb-16,13823
15-Feb-16,13521
16-Feb-16,13511
17-Feb-16,13440
18-Feb-16,13806
19-Feb-16,14280
20-Feb-16,14391
21-Feb-16,14673
22-Feb-16,15972
23-Feb-16,16459
24-Feb-16,16611
25-Feb-16,17627
26-Feb-16,19245
27-Feb-16,20705
28-Feb-16,20968
29-Feb-16,21665
01-Mar-16,22745
02-Mar-16,24364
03-Mar-16,26842
04-Mar-16,30050
05-Mar-16,32900
06-Mar-16,35393
07-Mar-16,38292
08-Mar-16,40693
09-Mar-16,42468
10-Mar-16,43752
11-Mar-16,44717
12-Mar-16,45787
13-Mar-16,45618
14-Mar-16,44733
15-Mar-16,44822
16-Mar-16,44819
17-Mar-16,45752
18-Mar-16,45805
19-Mar-16,45000
20-Mar-16,44004
21-Mar-16,41018
22-Mar-16,40554
23-Mar-16,40513
24-Mar-16,40745
25-Mar-16,40825
26-Mar-16,43724
27-Mar-16,40589
28-Mar-16,40603
29-Mar-16,39414
30-Mar-16,36431
31-Mar-16,34272
01-Apr-16,31403
02-Apr-16,29854
03-Apr-16,29436
04-Apr-16,26842
05-Apr-16,25262
06-Apr-16,23834
07-Apr-16,23233
08-Apr-16,22860
09-Apr-16,21451
10-Apr-16,21365
11-Apr-16,20576
12-Apr-16,20137
13-Apr-16,18850
14-Apr-16,19016
15-Apr-16,18502
16-Apr-16,18750
17-Apr-16,18473
18-Apr-16,18485
19-Apr-16,18018
20-Apr-16,18032
21-Apr-16,18043
22-Apr-16,18525
23-Apr-16,18381
24-Apr-16,18692
25-Apr-16,19842
26-Apr-16,18875
27-Apr-16,18814
28-Apr-16,19050
29-Apr-16,18826
30-Apr-16,19086
01-May-16,19121
02-May-16,18823
03-May-16,18772
04-May-16,18970
05-May-16,19377
06-May-16,19389
07-May-16,19351
08-May-16,13126
09-May-16,18086
10-May-16,18295
11-May-16,17877
12-May-16,17654
13-May-16,17747
14-May-16,17452
15-May-16,17538
16-May-16,17496
17-May-16,18005
18-May-16,17711
19-May-16,17669
20-May-16,17771
21-May-16,18263
22-May-16,18504
23-May-16,18793
24-May-16,18746
25-May-16,18725
26-May-16,18488
27-May-16,18379
28-May-16,18475
29-May-16,18571
30-May-16,18334
31-May-16,18229
01-Jun-16,18166
02-Jun-16,18390
03-Jun-16,18246
04-Jun-16,18492
05-Jun-16,18203
06-Jun-16,18128
07-Jun-16,17921
08-Jun-16,17842
09-Jun-16,17764
10-Jun-16,17121
11-Jun-16,16878
12-Jun-16,16305
13-Jun-16,15948
14-Jun-16,15846
15-Jun-16,15465
16-Jun-16,15022
17-Jun-16,14993
18-Jun-16,14953
19-Jun-16,14858
20-Jun-16,15180
21-Jun-16,15203
22-Jun-16,15164
23-Jun-16,15163
24-Jun-16,14957
25-Jun-16,15590
26-Jun-16,16687
27-Jun-16,18476
28-Jun-16,19495
29-Jun-16,19698
30-Jun-16,20108
01-Jul-16,23179
02-Jul-16,23940
03-Jul-16,24499
04-Jul-16,26206
05-Jul-16,27635
06-Jul-16,28735
07-Jul-16,28685
08-Jul-16,30763
09-Jul-16,30183
10-Jul-16,29373
11-Jul-16,26364
12-Jul-16,24349
13-Jul-16,23091
14-Jul-16,23965
15-Jul-16,26468
16-Jul-16,28579
17-Jul-16,29738
18-Jul-16,30570
19-Jul-16,32349
20-Jul-16,33536
21-Jul-16,34703
22-Jul-16,37180
23-Jul-16,38824
24-Jul-16,39125
25-Jul-16,38051
26-Jul-16,38590
27-Jul-16,40178
28-Jul-16,40533
29-Jul-16,39205
30-Jul-16,40154
31-Jul-16,39741
01-Aug-16,39112
02-Aug-16,39525
03-Aug-16,39305
04-Aug-16,39071
05-Aug-16,37908
06-Aug-16,37864
07-Aug-16,38244
08-Aug-16,38340
09-Aug-16,38680
10-Aug-16,38703
11-Aug-16,38338
12-Aug-16,38083
13-Aug-16,39459
14-Aug-16,39269
15-Aug-16,39047
16-Aug-16,39074
17-Aug-16,39075
18-Aug-16,38379
19-Aug-16,38490
20-Aug-16,39490
21-Aug-16,39490
22-Aug-16,37959
23-Aug-16,37846
24-Aug-16,36939
25-Aug-16,36064
26-Aug-16,35597
27-Aug-16,36210
28-Aug-16,35639
29-Aug-16,34438
30-Aug-16,34437
31-Aug-16,34634
01-Sep-16,34350
02-Sep-16,34547
03-Sep-16,34784
04-Sep-16,35086
05-Sep-16,34171
06-Sep-16,33992
07-Sep-16,33475
08-Sep-16,32526
09-Sep-16,31331
10-Sep-16,30663
11-Sep-16,30190
12-Sep-16,29460
13-Sep-16,29072
14-Sep-16,27684
15-Sep-16,26945
16-Sep-16,24790
17-Sep-16,23652
18-Sep-16,23555
19-Sep-16,22219
20-Sep-16,22107
21-Sep-16,21738
22-Sep-16,21787
23-Sep-16,21402
24-Sep-16,20796
25-Sep-16,21033
26-Sep-16,20384
27-Sep-16,19942
28-Sep-16,20033
29-Sep-16,20100
30-Sep-16,19609
01-Oct-16,19659
02-Oct-16,19712
03-Oct-16,19208
04-Oct-16,19283
05-Oct-16,18933
06-Oct-16,18883
07-Oct-16,18820
08-Oct-16,18883
09-Oct-16,18862
10-Oct-16,19714
11-Oct-16,20884
12-Oct-16,21621
13-Oct-16,23256
14-Oct-16,25244
15-Oct-16,27293
16-Oct-16,27610
17-Oct-16,29791
18-Oct-16,31310
19-Oct-16,32060
20-Oct-16,32563
21-Oct-16,32758
22-Oct-16,33937
23-Oct-16,34256
24-Oct-16,34622
25-Oct-16,34941
26-Oct-16,34977
27-Oct-16,34550
28-Oct-16,34978
29-Oct-16,35767
30-Oct-16,35477
31-Oct-16,35215
01-Nov-16,35397
02-Nov-16,36851
03-Nov-16,39876
04-Nov-16,42981
05-Nov-16,46142
06-Nov-16,47275
07-Nov-16,48855
08-Nov-16,50169
09-Nov-16,50317
10-Nov-16,51019
11-Nov-16,53193
12-Nov-16,53634
13-Nov-16,53450
14-Nov-16,50316
15-Nov-16,50195
16-Nov-16,50017
17-Nov-16,49539
18-Nov-16,47954
19-Nov-16,47914
20-Nov-16,47125
21-Nov-16,44602
22-Nov-16,42973
23-Nov-16,42113
24-Nov-16,39661
25-Nov-16,36194
26-Nov-16,36070
27-Nov-16,36173
28-Nov-16,34242
29-Nov-16,33828
30-Nov-16,34177
01-Dec-16,33746
02-Dec-16,33230
03-Dec-16,34524
04-Dec-16,35189
05-Dec-16,36449
06-Dec-16,37350
07-Dec-16,38521
08-Dec-16,40209
09-Dec-16,41481
10-Dec-16,44959
11-Dec-16,45300
12-Dec-16,45023
13-Dec-16,46578
14-Dec-16,47009
15-Dec-16,47231
16-Dec-16,47654
17-Dec-16,48727
18-Dec-16,48946
19-Dec-16,50366
20-Dec-16,52604
21-Dec-16,54132
22-Dec-16,57306
23-Dec-16,59417
24-Dec-16,60553
25-Dec-16,61278
26-Dec-16,66474
27-Dec-16,67385
28-Dec-16,66039
29-Dec-16,68219
30-Dec-16,66985
31-Dec-16,67763
01-Jan-17,71299
02-Jan-17,73162
03-Jan-17,73324
04-Jan-17,79392
05-Jan-17,84747
06-Jan-17,86587
07-Jan-17,88700
08-Jan-17,90188
09-Jan-17,88820
10-Jan-17,88762
11-Jan-17,89264
12-Jan-17,88466
13-Jan-17,87131
14-Jan-17,89948
15-Jan-17,90675
16-Jan-17,89503
17-Jan-17,89690
18-Jan-17,89406
19-Jan-17,90432
20-Jan-17,90597
21-Jan-17,93096
22-Jan-17,93619
23-Jan-17,92072
24-Jan-17,93468
25-Jan-17,94432
26-Jan-17,97319
27-Jan-17,99206
28-Jan-17,98995
29-Jan-17,99906
30-Jan-17,100440
31-Jan-17,101047
01-Feb-17,105857
02-Feb-17,106731
03-Feb-17,108002
04-Feb-17,118393
05-Feb-17,124216
06-Feb-17,123157
07-Feb-17,117529
08-Feb-17,120146
09-Feb-17,120183
10-Feb-17,118950
11-Feb-17,121282
12-Feb-17,121202
13-Feb-17,118990
14-Feb-17,121268
15-Feb-17,124050
16-Feb-17,121001
17-Feb-17,123106
18-Feb-17,126840
19-Feb-17,125474
20-Feb-17,127385
21-Feb-17,126096
22-Feb-17,123566
23-Feb-17,124029
24-Feb-17,127713
25-Feb-17,125829
26-Feb-17,129021
27-Feb-17,125117
28-Feb-17,125456
01-Mar-17,126216
02-Mar-17,126305
03-Mar-17,126446
04-Mar-17,127578
05-Mar-17,127890
06-Mar-17,126917
07-Mar-17,125916
08-Mar-17,124218
09-Mar-17,121540
10-Mar-17,119288
11-Mar-17,118601
12-Mar-17,117001
13-Mar-17,112468
14-Mar-17,108525
15-Mar-17,105784
16-Mar-17,103014
17-Mar-17,101433
18-Mar-17,97714
19-Mar-17,95128
20-Mar-17,87813
21-Mar-17,81234
22-Mar-17,78662
23-Mar-17,74288
24-Mar-17,71198
25-Mar-17,71454
26-Mar-17,70305
27-Mar-17,66965
28-Mar-17,65632
29-Mar-17,65997
30-Mar-17,65829
31-Mar-17,65133
01-Apr-17,63448
02-Apr-17,62247
03-Apr-17,58692
04-Apr-17,56479
05-Apr-17,52950
06-Apr-17,51659
07-Apr-17,50971
08-Apr-17,50497
09-Apr-17,49290
10-Apr-17,49458
11-Apr-17,49969
12-Apr-17,51430
13-Apr-17,52447
14-Apr-17,53454
15-Apr-17,52137
16-Apr-17,52529
17-Apr-17,52204
18-Apr-17,52656
19-Apr-17,52092
20-Apr-17,51320
21-Apr-17,50833
22-Apr-17,51043
23-Apr-17,51810
24-Apr-17,50982
25-Apr-17,49918
26-Apr-17,50059
27-Apr-17,50493
28-Apr-17,50487
29-Apr-17,51336
30-Apr-17,51421
01-May-17,50948
02-May-17,51926
03-May-17,53251
04-May-17,55464
05-May-17,56467
06-May-17,56093
07-May-17,56252
08-May-17,57459
09-May-17,57476
10-May-17,57581
11-May-17,57434
12-May-17,57170
13-May-17,56353
14-May-17,55672
15-May-17,53999
16-May-17,52260
17-May-17,51046
18-May-17,50572
19-May-17,49850
20-May-17,49833
21-May-17,49491
22-May-17,49158
23-May-17,48689
24-May-17,49169
25-May-17,48600
26-May-17,46919
27-May-17,45962
28-May-17,46180
29-May-17,46739
30-May-17,46266
31-May-17,42806
01-Jun-17,38046
02-Jun-17,35806
03-Jun-17,35645
04-Jun-17,35101
05-Jun-17,32254
06-Jun-17,32186
07-Jun-17,31443
08-Jun-17,31400
09-Jun-17,31122
10-Jun-17,31100
11-Jun-17,30928
12-Jun-17,30290
13-Jun-17,29956
14-Jun-17,30500
15-Jun-17,30547
16-Jun-17,30409
17-Jun-17,30443
18-Jun-17,30484
19-Jun-17,30932
20-Jun-17,33318
21-Jun-17,34973
22-Jun-17,36615
23-Jun-17,36579
24-Jun-17,38319
25-Jun-17,37436
26-Jun-17,37615
27-Jun-17,37722
28-Jun-17,37479
29-Jun-17,36120
30-Jun-17,33489
01-Jul-17,32713
02-Jul-17,32247
03-Jul-17,30004
04-Jul-17,29293
05-Jul-17,28777
06-Jul-17,29328
07-Jul-17,29646
08-Jul-17,30521
09-Jul-17,31233
10-Jul-17,33064
11-Jul-17,33736
12-Jul-17,34126
13-Jul-17,35919
14-Jul-17,37089
15-Jul-17,38237
16-Jul-17,38074
17-Jul-17,38269
18-Jul-17,39225
19-Jul-17,39316
20-Jul-17,39888
21-Jul-17,40256
22-Jul-17,39807
23-Jul-17,39027
24-Jul-17,37419
25-Jul-17,36562
26-Jul-17,35829
27-Jul-17,35712
28-Jul-17,35606
29-Jul-17,35381
30-Jul-17,34774
31-Jul-17,34413
01-Aug-17,34000
02-Aug-17,33366
03-Aug-17,32753
04-Aug-17,31703
05-Aug-17,31161
06-Aug-17,30684
07-Aug-17,29177
08-Aug-17,28533
09-Aug-17,27193
10-Aug-17,25605
11-Aug-17,24195
12-Aug-17,22949
13-Aug-17,22493
14-Aug-17,20987
15-Aug-17,22090
16-Aug-17,20218
17-Aug-17,20108
18-Aug-17,19065
19-Aug-17,19033
20-Aug-17,18684
21-Aug-17,17740
22-Aug-17,17553
23-Aug-17,17070
24-Aug-17,16988
25-Aug-17,16840
26-Aug-17,16754
27-Aug-17,16885
28-Aug-17,16415
29-Aug-17,16274
30-Aug-17,16230
31-Aug-17,16106
01-Sep-17,16490
02-Sep-17,16454
03-Sep-17,16298
04-Sep-17,15884
05-Sep-17,15228
06-Sep-17,14978
07-Sep-17,14598
08-Sep-17,14702
09-Sep-17,14663
10-Sep-17,14782
11-Sep-17,14662
12-Sep-17,14508
13-Sep-17,14343
14-Sep-17,14171
15-Sep-17,13977
16-Sep-17,13890
17-Sep-17,13923
18-Sep-17,13688
19-Sep-17,13564
20-Sep-17,13387
21-Sep-17,13645
22-Sep-17,13084
23-Sep-17,12873
24-Sep-17,12786
25-Sep-17,12621
26-Sep-17,12395
27-Sep-17,12359
28-Sep-17,12216
29-Sep-17,12150
30-Sep-17,12410
01-Oct-17,12164
02-Oct-17,12171
03-Oct-17,12100
04-Oct-17,12247
05-Oct-17,12527
06-Oct-17,12325
07-Oct-17,12450
08-Oct-17,12520
09-Oct-17,12869
10-Oct-17,12809
11-Oct-17,12926
12-Oct-17,12961
13-Oct-17,12801
14-Oct-17,12808
15-Oct-17,12760
16-Oct-17,12620
17-Oct-17,12710
18-Oct-17,12823
19-Oct-17,13166
20-Oct-17,13145
21-Oct-17,13364
22-Oct-17,13565
23-Oct-17,13793
24-Oct-17,14934
25-Oct-17,14492
26-Oct-17,14556
27-Oct-17,14688
28-Oct-17,14793
29-Oct-17,14814
30-Oct-17,14862
31-Oct-17,14938
01-Nov-17,14934
02-Nov-17,14993
03-Nov-17,15248
04-Nov-17,15452
05-Nov-17,15396
06-Nov-17,16060
07-Nov-17,16723
08-Nov-17,17191
09-Nov-17,17368
10-Nov-17,17744
11-Nov-17,18125
12-Nov-17,18070
13-Nov-17,18238
14-Nov-17,18202
15-Nov-17,18232
16-Nov-17,18340
17-Nov-17,18146
18-Nov-17,18063
19-Nov-17,17599
20-Nov-17,16611
21-Nov-17,16258
22-Nov-17,15964
23-Nov-17,15966
24-Nov-17,15755
25-Nov-17,15744
26-Nov-17,15565
27-Nov-17,15286
28-Nov-17,15305
29-Nov-17,15653
30-Nov-17,15549
01-Dec-17,16535
02-Dec-17,15741
03-Dec-17,15960
04-Dec-17,16169
05-Dec-17,16304
06-Dec-17,17319
07-Dec-17,15940
08-Dec-17,15968
09-Dec-17,15643
10-Dec-17,16792
11-Dec-17,15586
12-Dec-17,15546
13-Dec-17,15986
14-Dec-17,16413
15-Dec-17,18311
16-Dec-17,19234
17-Dec-17,20576
18-Dec-17,23850
19-Dec-17,26442
20-Dec-17,27672
21-Dec-17,29963
22-Dec-17,34148
23-Dec-17,36858
24-Dec-17,36966
25-Dec-17,36935
26-Dec-17,38449
27-Dec-17,39486
28-Dec-17,38802
29-Dec-17,37124
30-Dec-17,35934
31-Dec-17,36215
01-Jan-18,38708
02-Jan-18,40051
03-Jan-18,37890
04-Jan-18,37714
05-Jan-18,37047
06-Jan-18,37058
07-Jan-18,36878
08-Jan-18,37421
09-Jan-18,37652
10-Jan-18,37813
11-Jan-18,38095
12-Jan-18,37997
13-Jan-18,38131
14-Jan-18,37872
15-Jan-18,36678
16-Jan-18,35860
17-Jan-18,34473
18-Jan-18,33073
19-Jan-18,32256
20-Jan-18,31491
21-Jan-18,31435
22-Jan-18,30600
23-Jan-18,30000
24-Jan-18,29487
25-Jan-18,29224
26-Jan-18,28525
27-Jan-18,28375
28-Jan-18,28193
29-Jan-18,27879
30-Jan-18,27465
31-Jan-18,27288
01-Feb-18,27599
02-Feb-18,27495
03-Feb-18,28704
04-Feb-18,28617
05-Feb-18,29560
06-Feb-18,30273
07-Feb-18,30965
08-Feb-18,32004
09-Feb-18,32331
10-Feb-18,33306
11-Feb-18,34306
12-Feb-18,35495
13-Feb-18,37461
14-Feb-18,39197
15-Feb-18,39965
16-Feb-18,40017
17-Feb-18,40193
18-Feb-18,40202
19-Feb-18,42607
20-Feb-18,44152
21-Feb-18,45293
22-Feb-18,45577
23-Feb-18,44818
24-Feb-18,45396
25-Feb-18,45625
26-Feb-18,46086
27-Feb-18,46942
28-Feb-18,47418
01-Mar-18,47198
02-Mar-18,48088
03-Mar-18,51425
04-Mar-18,52167
05-Mar-18,54507
06-Mar-18,55512
07-Mar-18,55387
08-Mar-18,56418
09-Mar-18,58368
10-Mar-18,60560
11-Mar-18,60487
12-Mar-18,59092
13-Mar-18,57099
14-Mar-18,54712
15-Mar-18,53001
16-Mar-18,51078
17-Mar-18,50119
18-Mar-18,49331
19-Mar-18,46552
20-Mar-18,45750
21-Mar-18,43706
22-Mar-18,41926
23-Mar-18,40795
24-Mar-18,39844
25-Mar-18,39456
26-Mar-18,38168
27-Mar-18,37560
28-Mar-18,36879
29-Mar-18,36025
30-Mar-18,36198
31-Mar-18,35525
01-Apr-18,34918
02-Apr-18,34331
03-Apr-18,34556
04-Apr-18,34831
05-Apr-18,34895
06-Apr-18,35231
07-Apr-18,35227
08-Apr-18,35388
09-Apr-18,35385
10-Apr-18,35459
11-Apr-18,34663
12-Apr-18,34133
13-Apr-18,33523
14-Apr-18,33384
15-Apr-18,33013
16-Apr-18,31017
17-Apr-18,30487
18-Apr-18,30112
19-Apr-18,29622
20-Apr-18,28978
21-Apr-18,28471
22-Apr-18,28066
23-Apr-18,27095
24-Apr-18,26991
25-Apr-18,26856
26-Apr-18,26728
27-Apr-18,26508
28-Apr-18,26026
29-Apr-18,25882
30-Apr-18,24675
01-May-18,24272
02-May-18,23989
03-May-18,23886
04-May-18,23600
05-May-18,23010
06-May-18,23354
07-May-18,22928
08-May-18,22789
09-May-18,23165
10-May-18,23201
11-May-18,23328
12-May-18,23113
13-May-18,23194
14-May-18,23353
15-May-18,23631
16-May-18,23398
17-May-18,23254
18-May-18,23573
19-May-18,24182
20-May-18,24017
21-May-18,24370
22-May-18,23836
23-May-18,23447
24-May-18,22556
25-May-18,22425
26-May-18,22245
27-May-18,22278
28-May-18,21955
29-May-18,21969
30-May-18,21678
31-May-18,21419
01-Jun-18,21956
02-Jun-18,22269
03-Jun-18,22805
04-Jun-18,23370
05-Jun-18,23655
06-Jun-18,24452
07-Jun-18,27191
08-Jun-18,28747
09-Jun-18,29039
10-Jun-18,29189
11-Jun-18,31140
12-Jun-18,33984
13-Jun-18,35241
14-Jun-18,36408
15-Jun-18,36151
16-Jun-18,36339
17-Jun-18,37713
18-Jun-18,37862
19-Jun-18,37384
20-Jun-18,34105
21-Jun-18,31286
22-Jun-18,29137
23-Jun-18,29456
24-Jun-18,30172
25-Jun-18,31862
26-Jun-18,33189
27-Jun-18,33651
28-Jun-18,36338
29-Jun-18,37836
30-Jun-18,40836
01-Jul-18,41931
02-Jul-18,44717
03-Jul-18,45193
04-Jul-18,45021
05-Jul-18,46064
06-Jul-18,47413
07-Jul-18,48655
08-Jul-18,49120
09-Jul-18,49887
10-Jul-18,49612
11-Jul-18,48650
12-Jul-18,48594
13-Jul-18,48668
14-Jul-18,48866
15-Jul-18,48556
16-Jul-18,47646
17-Jul-18,47806
18-Jul-18,48133
19-Jul-18,48383
20-Jul-18,48913
21-Jul-18,49375
22-Jul-18,49217
23-Jul-18,48390
24-Jul-18,48310
25-Jul-18,47968
26-Jul-18,47356
27-Jul-18,46101
28-Jul-18,44364
29-Jul-18,43239
30-Jul-18,39030
31-Jul-18,38038
01-Aug-18,36551
02-Aug-18,35625
03-Aug-18,34943
04-Aug-18,33964
05-Aug-18,33663
06-Aug-18,32939
07-Aug-18,32747
08-Aug-18,32376
09-Aug-18,32275
10-Aug-18,31887
11-Aug-18,31611
12-Aug-18,31042
13-Aug-18,29973
14-Aug-18,29103
15-Aug-18,28870
16-Aug-18,27846
17-Aug-18,27012
18-Aug-18,26452
19-Aug-18,26178
20-Aug-18,24419
21-Aug-18,23816
22-Aug-18,23801
23-Aug-18,23426
24-Aug-18,23182
25-Aug-18,22895
26-Aug-18,22443
27-Aug-18,20645
28-Aug-18,19297
29-Aug-18,18671
30-Aug-18,18335
31-Aug-18,18218
01-Sep-18,17979
02-Sep-18,17816
03-Sep-18,17045
04-Sep-18,16708
05-Sep-18,16486
06-Sep-18,16112
07-Sep-18,16202
08-Sep-18,16023
09-Sep-18,15883
10-Sep-18,15762
11-Sep-18,15800
12-Sep-18,16021
13-Sep-18,16093
14-Sep-18,16025
15-Sep-18,16151
16-Sep-18,16160
17-Sep-18,16002
18-Sep-18,15952
19-Sep-18,15926
20-Sep-18,15846
21-Sep-18,15814
22-Sep-18,15764
23-Sep-18,15738
24-Sep-18,15751
25-Sep-18,15862
26-Sep-18,16018
27-Sep-18,16240
28-Sep-18,16383
29-Sep-18,16577
30-Sep-18,16668
01-Oct-18,17538
02-Oct-18,18591
03-Oct-18,19147
04-Oct-18,19877
05-Oct-18,19958
06-Oct-18,20150
07-Oct-18,20370
08-Oct-18,20618
09-Oct-18,20517
10-Oct-18,20456
11-Oct-18,20245
12-Oct-18,20586
13-Oct-18,20758
14-Oct-18,20780
15-Oct-18,21825
16-Oct-18,22221
17-Oct-18,22622
18-Oct-18,22676
19-Oct-18,22680
20-Oct-18,22747
21-Oct-18,22684
22-Oct-18,22506
23-Oct-18,22652
24-Oct-18,22411
25-Oct-18,22187
26-Oct-18,22195
27-Oct-18,22099
28-Oct-18,22000
29-Oct-18,21607
30-Oct-18,21587
31-Oct-18,21529
01-Nov-18,21503
02-Nov-18,21290
03-Nov-18,21392
04-Nov-18,21717
05-Nov-18,22133
06-Nov-18,22313
07-Nov-18,22461
08-Nov-18,22801
09-Nov-18,22870
10-Nov-18,22565
11-Nov-18,22561
12-Nov-18,22391
13-Nov-18,22141
14-Nov-18,21572
15-Nov-18,21068
16-Nov-18,20579
17-Nov-18,20346
18-Nov-18,20318
19-Nov-18,19896
20-Nov-18,19801
21-Nov-18,19842
22-Nov-18,19767
23-Nov-18,19625
24-Nov-18,19434
25-Nov-18,19382
26-Nov-18,18658
27-Nov-18,18154
28-Nov-18,18106
29-Nov-18,18198
30-Nov-18,18068
01-Dec-18,18103
02-Dec-18,18120
03-Dec-18,18206
04-Dec-18,18168
05-Dec-18,18435
06-Dec-18,18995
07-Dec-18,19625
08-Dec-18,20013
09-Dec-18,20210
10-Dec-18,20863
11-Dec-18,21260
12-Dec-18,21224
13-Dec-18,21411
14-Dec-18,21435
15-Dec-18,21439
16-Dec-18,21586
17-Dec-18,21829
18-Dec-18,23478
19-Dec-18,25810
20-Dec-18,27375
21-Dec-18,29016
22-Dec-18,33346
23-Dec-18,33271
24-Dec-18,34822
25-Dec-18,35145
26-Dec-18,35732
27-Dec-18,37068
28-Dec-18,37500
29-Dec-18,37501
30-Dec-18,36669
31-Dec-18,33818
01-Jan-19,34485
02-Jan-19,35299
03-Jan-19,34847
04-Jan-19,33972
05-Jan-19,32862
06-Jan-19,31808
07-Jan-19,29501
08-Jan-19,29089
09-Jan-19,29270
10-Jan-19,28682
11-Jan-19,27931
12-Jan-19,27464
13-Jan-19,27015
14-Jan-19,26321
15-Jan-19,26400
16-Jan-19,25715
17-Jan-19,24745
18-Jan-19,24068
19-Jan-19,23818
20-Jan-19,23161
21-Jan-19,21689
22-Jan-19,21516
23-Jan-19,21297
24-Jan-19,20267
25-Jan-19,19598
26-Jan-19,19335
27-Jan-19,19092
28-Jan-19,17900
29-Jan-19,17665
30-Jan-19,17209
31-Jan-19,16588
01-Feb-19,16508
02-Feb-19,16290
03-Feb-19,15939
04-Feb-19,15267
05-Feb-19,14883
06-Feb-19,14626
07-Feb-19,14318
08-Feb-19,14020
09-Feb-19,14025
10-Feb-19,13885
11-Feb-19,13577
12-Feb-19,13616
13-Feb-19,13538
14-Feb-19,13493
15-Feb-19,13476
16-Feb-19,13426
17-Feb-19,13780
18-Feb-19,15258
19-Feb-19,15616
20-Feb-19,15487
21-Feb-19,15606
22-Feb-19,15417
23-Feb-19,15348
24-Feb-19,15365
25-Feb-19,15919
26-Feb-19,16131
27-Feb-19,16062
28-Feb-19,16346
01-Mar-19,16848
02-Mar-19,17236
03-Mar-19,17709
04-Mar-19,18324
05-Mar-19,19124
06-Mar-19,19195
07-Mar-19,19303
08-Mar-19,19665
09-Mar-19,19922
10-Mar-19,19995
11-Mar-19,19919
12-Mar-19,19710
13-Mar-19,19361
14-Mar-19,18991
15-Mar-19,18934
16-Mar-19,18668
17-Mar-19,18512
18-Mar-19,17525
19-Mar-19,17111
20-Mar-19,17060
21-Mar-19,17593
22-Mar-19,17837
23-Mar-19,18057
24-Mar-19,17995
25-Mar-19,17676
26-Mar-19,17258
27-Mar-19,17429
28-Mar-19,17512
29-Mar-19,17507
30-Mar-19,17345
31-Mar-19,17242
01-Apr-19,16585
02-Apr-19,16482
03-Apr-19,16306
04-Apr-19,15911
05-Apr-19,15640
06-Apr-19,15302
07-Apr-19,15350
08-Apr-19,15167
09-Apr-19,15287
10-Apr-19,15264
11-Apr-19,14999
12-Apr-19,14829
13-Apr-19,14808
14-Apr-19,14785
15-Apr-19,15123
16-Apr-19,15302
17-Apr-19,15644
18-Apr-19,18892
19-Apr-19,20650
20-Apr-19,21747
21-Apr-19,21121
22-Apr-19,20485
23-Apr-19,20455
24-Apr-19,20604
25-Apr-19,20699
26-Apr-19,20649
27-Apr-19,20827
28-Apr-19,20810
29-Apr-19,20406
30-Apr-19,20268
01-May-19,20638
02-May-19,21062
03-May-19,21123
04-May-19,21518
05-May-19,21764
06-May-19,21900
07-May-19,22415
08-May-19,23092
09-May-19,22814
10-May-19,21534
11-May-19,20484
12-May-19,19041
13-May-19,17822
14-May-19,17206
15-May-19,16668
16-May-19,15736
17-May-19,15205
18-May-19,14629
19-May-19,14191
20-May-19,13799
21-May-19,13097
22-May-19,12973
23-May-19,12933
24-May-19,12673
25-May-19,12757
26-May-19,12832
27-May-19,13127
28-May-19,13315
29-May-19,13483
30-May-19,13468
31-May-19,13877
01-Jun-19,14068
02-Jun-19,14399
03-Jun-19,14920
04-Jun-19,15705
05-Jun-19,15883
06-Jun-19,15916
07-Jun-19,16277
08-Jun-19,16953
09-Jun-19,16651
10-Jun-19,15529
11-Jun-19,14677
12-Jun-19,14018
13-Jun-19,14182
14-Jun-19,14063
15-Jun-19,14022
16-Jun-19,13814
17-Jun-19,13789
18-Jun-19,14231
19-Jun-19,14852
20-Jun-19,16463
21-Jun-19,17592
22-Jun-19,18073
23-Jun-19,18573
24-Jun-19,20679
25-Jun-19,21305
26-Jun-19,21644
27-Jun-19,22710
28-Jun-19,24257
29-Jun-19,26218
30-Jun-19,27262
01-Jul-19,29791
02-Jul-19,31810
03-Jul-19,37091
04-Jul-19,42434
05-Jul-19,44309
06-Jul-19,44103
07-Jul-19,44314
08-Jul-19,45952
09-Jul-19,47875
10-Jul-19,51367
11-Jul-19,52899
12-Jul-19,53614
13-Jul-19,53881
14-Jul-19,55731
15-Jul-19,60751
16-Jul-19,63347
17-Jul-19,65218
18-Jul-19,66052
19-Jul-19,65728
20-Jul-19,65700
21-Jul-19,66037
22-Jul-19,67095
23-Jul-19,67522
24-Jul-19,67913
25-Jul-19,69389
26-Jul-19,70663
27-Jul-19,72400
28-Jul-19,72854
29-Jul-19,74300
30-Jul-19,75448
31-Jul-19,75329
